ID,NAME,MKT,INDUSTRY_NAME_1,INDUSTRY_NAME_2
9962,有益,OTC,金屬基本,不銹鋼
9960,邁達康,OTC,百貨批發,百貨購物中
9958,世紀鋼,TSE,金屬基本,鋼筋
9955,佳龍,TSE,資源回收,貴金屬回收
9951,皇田,OTC,汽車組件,汽車組件
9950,萬國通,OTC,鞋及旅行箱,鞋及旅行箱
9949,琉園,OTC,玻璃陶瓷,玻璃陶瓷
9946,三發地產,TSE,建設,建設
9945,潤泰新,TSE,建設,建設
9944,新麗,TSE,不織布,不織布
9943,好樂迪,TSE,觀光遊樂區,觀光遊樂區
9942,茂順,TSE,汽車組件,汽車組件
9941,裕融,TSE,租賃業,租賃業
9940,信義,TSE,仲介建經,仲介建經
9939,宏全,TSE,塑膠製品,塑膠製品
9938,百和,TSE,其他紡織,其他紡織
9937,全國,TSE,公用事業,加油站
9935,慶豐富,TSE,五金及家具,五金及家具
9934,成霖,TSE,五金及家具,五金及家具
9933,中鼎,TSE,工程承攬,工程承攬
9931,欣高,TSE,公用事業,天然氣
9930,中聯資源,TSE,其他水泥,其他水泥
9929,秋雨,TSE,印刷,印刷
9928,中視,TSE,電視廣播,電視廣播
9927,泰銘,TSE,金屬基本,鋁鋅
9926,新海,TSE,公用事業,天然氣
9925,新保,TSE,保全業,保全業
9924,福興,TSE,五金及家具,五金及家具
9921,巨大,TSE,其他,自行健行車
9919,康那香,TSE,不織布,不織布
9918,欣天然,TSE,公用事業,天然氣
9917,中保,TSE,保全業,保全業
9914,美利達,TSE,其他,自行健行車
9912,偉聯,TSE,光電/ IO,監視器
9911,櫻花,TSE,五金及家具,五金及家具
9910,豐泰,TSE,鞋及旅行箱,鞋及旅行箱
9908,大台北,TSE,公用事業,天然氣
9907,統一實,TSE,金屬製品,金屬製品
9906,欣巴巴,TSE,建設,建設
9905,大華,TSE,金屬製品,金屬製品
9904,寶成,TSE,鞋及旅行箱,鞋及旅行箱
9902,台火,TSE,其他,其他製造業
9802,鈺齊-KY,TSE,鞋及旅行箱,鞋及旅行箱
9188,精熙-DR,TSE,消費性電子,照相機
9157,陽光能源-DR,TSE,光電/ IO,太陽能電池
9136,巨騰-DR,TSE,電子零組件,機殼
912398,友佳-DR,TSE,機械業,工具機
912000,晨訊科-DR,TSE,網路設備,數據機
911868,同方友友-DR,TSE,光電/ IO,封裝及應用
911622,泰聚亨-DR,TSE,金屬基本,線材
911619,耀傑-DR,TSE,機械業,工具機
911616,杜康-DR,TSE,其他食品,其他食品
911613,特藝-DR,OTC,其他,其他服務
911608,明輝-DR,TSE,貿易業,貿易業
9110,越南控-DR,TSE,機車船製造,機車製造
910861,神州-DR,TSE,軟體服務,系統整合
9105,泰金寶-DR,TSE,光電/ IO,PC週邊
910482,聖馬丁-DR,TSE,網路設備,數據機
910322,康師傅-DR,TSE,其他食品,其他食品
9103,美德醫療-DR,TSE,醫療耗材,醫療耗材
8996,高力,TSE,金屬基本,其他
8942,森鉅,OTC,石化,塑膠加工
8941,關中,OTC,五金及家具,五金及家具
8940,新天地,TSE,餐飲飯店,餐飲業
8938,明安,OTC,其他,高爾夫球頭
8937,合騏,OTC,汽車製造,汽車製造
8936,國統,OTC,金屬製品,金屬製品
8935,邦泰,OTC,塑膠製品,塑膠製品
8934,衡平,OTC,物業管理,物業管理
8933,愛地雅,OTC,其他,自行健行車
8932,宏大,OTC,其他紡織,其他紡織
8931,大汽電,OTC,公用事業,汽電共生
8930,青鋼,OTC,金屬製品,金屬製品
8929,富堡,OTC,不織布,不織布
8928,鉅明,OTC,其他,高爾夫球頭
8927,北基,OTC,公用事業,加油站
8926,台汽電,TSE,公用事業,汽電共生
8924,大田,OTC,其他,高爾夫球頭
8923,時報,OTC,平媒電子報,平媒電子報
8921,沈氏,OTC,印刷,印刷
8917,欣泰,OTC,公用事業,天然氣
8916,光隆,OTC,其他紡織,其他紡織
8913,全銓,OTC,租賃業,租賃業
8908,欣雄,OTC,公用事業,天然氣
8906,花王,OTC,印刷,印刷
8905,裕國,OTC,罐頭加工,罐頭加工
8499,鼎炫-KY,TSE,電子設備,電機設備
8497,格威傳媒,TSE,廣告業,廣告業
8489,三貝德,OTC,平媒電子報,平媒電子報
8488,吉源-KY,TSE,金屬製品,金屬製品
8482,商億-KY,TSE,五金及家具,五金及家具
8481,政伸,TSE,印刷,印刷
8480,泰昇-KY,TSE,不織布,不織布
8478,東哥遊艇,TSE,機車船製造,船舶製造
8477,創業家,OTC,通訊設備,網路服務
8476,台境,OTC,資源回收,廢棄物處理
8473,山林水,TSE,資源回收,廢棄物處理
8472,夠麻吉,OTC,通訊設備,網路服務
8467,波力-KY,TSE,其他,其他製造業
8466,美吉吉-KY,TSE,塑膠製品,塑膠製品
8464,億豐,TSE,五金及家具,五金及家具
8463,潤泰材,TSE,水泥製造,水泥製造
8462,柏文,TSE,其他,其他服務
8455,大拓-KY,OTC,電子零組件,其他零組件
8454,富邦媒,TSE,通訊設備,網路服務
8450,霹靂,OTC,電視廣播,電視廣播
8446,華研,OTC,其他,其他服務
8444,綠河-KY,OTC,五金及家具,五金及家具
8443,阿瘦,TSE,鞋及旅行箱,鞋及旅行箱
8442,威宏-KY,TSE,鞋及旅行箱,鞋及旅行箱
8440,綠電,OTC,資源回收,廢棄物處理
8437,大地-KY,OTC,其他,其他服務
8436,大江,OTC,生物科技,生物科技
8435,鉅邁,OTC,資源回收,廢棄物處理
8433,弘帆,OTC,貿易業,貿易業
8432,東生華,OTC,藥,西藥
8431,匯鑽科,OTC,光電/ IO,硬碟磁碟
8429,金麗-KY,TSE,鞋及旅行箱,鞋及旅行箱
8427,基勝-KY,TSE,五金及家具,五金及家具
8426,紅木-KY,OTC,五金及家具,五金及家具
8424,惠普,OTC,其他水泥,其他水泥
8423,保綠-KY,OTC,橡膠原料,橡膠原料
8422,可寧衛,TSE,資源回收,廢棄物處理
8421,旭源,OTC,塑膠製品,塑膠製品
8420,明揚,OTC,其他,高爾夫球頭
8418,捷必勝-KY,OTC,電機製品,電機
8416,實威,OTC,軟體服務,應用軟體
8415,大國鋼,OTC,金屬基本,線材
8411,福貞-KY,TSE,金屬製品,金屬製品
8410,森田,OTC,電子零組件,機殼
8409,商之器,OTC,軟體服務,應用軟體
8406,金可-KY,OTC,醫療耗材,醫療耗材
8404,百和興業-KY,TSE,其他紡織,其他紡織
8403,盛弘,OTC,醫療耗材,醫療耗材
8401,白紗科,OTC,印刷,印刷
8390,金益鼎,OTC,資源回收,貴金屬回收
8383,千附,OTC,電子設備,廠辦機電
8374,羅昇,TSE,機械業,模具零件
8367,建新國際,TSE,貨運倉儲業,貨運倉儲業
8358,金居,OTC,主機板,PCB上-其他
8354,冠好,OTC,石化,膠帶
8349,恒耀,OTC,金屬基本,線材
8342,益張,OTC,金屬基本,其他
8341,日友,TSE,資源回收,廢棄物處理
8299,群聯,OTC,半導體,IC設計
8291,尚茂,OTC,主機板,銅箔基板
8289,泰藝,OTC,電子零組件,石英元件
8287,英格爾,OTC,電子零組件,電源供應器
8279,生展,OTC,藥,機能性食品
8277,商丞,OTC,半導體,記憶體模組
8271,宇瞻,TSE,半導體,記憶體模組
8261,富鼎,TSE,半導體,IC設計
8255,朋程,OTC,汽車組件,汽車組件
8249,菱光,TSE,光電/ IO,掃瞄器
8240,華宏,OTC,光電/ IO,LCD 原料
8234,新漢,OTC,主機板,工業電腦
8222,寶一,TSE,機車船製造,航空器製造
8215,明基材,TSE,光電/ IO,LCD 原料
8213,志超,TSE,主機板,PCB
8210,勤誠,TSE,電子零組件,機殼
8201,無敵,TSE,其他電子,其他電子
8183,精星,OTC,主機板,PCB 組裝
8182,加高,OTC,電子零組件,石英元件
8176,智捷,OTC,網路設備,網路卡
8171,天宇,OTC,電子零組件,3C二次電池
8163,達方,TSE,光電/ IO,PC週邊
8155,博智,OTC,主機板,PCB
8150,南茂,TSE,半導體,IC封測
8147,正淩,OTC,電子零組件,連接器
8131,福懋科,TSE,半導體,IC封測
8121,越峰,OTC,電子零組件,被動元件
8114,振樺電,TSE,主機板,POS
8112,至上,TSE,資訊通路,零組件代理
8111,立碁,OTC,光電/ IO,封裝及應用
8110,華東,TSE,半導體,IC封測
8109,博大,OTC,電子零組件,電源供應器
8107,大億金茂,OTC,汽車組件,汽車組件
8105,凌巨,TSE,光電/ IO,LCD-其他
8104,錸寶,TSE,光電/ IO,LCD 面板
8103,瀚荃,TSE,電子零組件,連接器
8101,華冠,TSE,通訊設備,手機
8099,大世科,OTC,軟體服務,系統整合
8097,常珵,OTC,電子零組件,連接器
8096,擎亞,OTC,資訊通路,零組件代理
8093,保銳,OTC,電子零組件,電源供應器
8092,建暐,OTC,電子設備,電機設備
8091,翔名,OTC,電子設備,電機設備
8088,品安,OTC,半導體,記憶體模組
8087,華鎂鑫,OTC,光電/ IO,光碟
8086,宏捷科,OTC,半導體,特用IC
8085,福華,OTC,光電/ IO,背光模組
8084,巨虹,OTC,半導體,IC設計
8083,瑞穎,OTC,機械業,模具零件
8081,致新,TSE,半導體,IC設計
8080,奧斯特,OTC,電子零組件,被動元件
8077,洛碁,OTC,餐飲飯店,飯店業
8076,伍豐,OTC,主機板,POS
8074,鉅橡,OTC,主機板,PCB上-其他
8072,陞泰,TSE,光電/ IO,監控系統
8071,能率網通,OTC,電子零組件,沖壓零組件
8070,長華,TSE,資訊通路,零組件代理
8069,元太,OTC,光電/ IO,LCD 面板
8068,全達,OTC,資訊通路,零組件代理
8067,志旭,OTC,資訊通路,3C通路
8066,來思達　,OTC,五金及家具,五金及家具
8064,東捷,OTC,電子設備,電機設備
8059,凱碩,OTC,網路設備,數據機
8054,安國,OTC,半導體,IC設計
8050,廣積,OTC,主機板,工業電腦
8049,晶采,OTC,光電/ IO,LCD-其他
8048,德勝,OTC,通訊設備,光纖通訊
8047,星雲,OTC,其他電子,其他電子
8046,南電,TSE,主機板,IC載板
8044,網家,OTC,通訊設備,網路服務
8043,蜜望實,OTC,資訊通路,零組件代理
8042,金山電,OTC,電子零組件,被動元件
8040,九暘,OTC,半導體,IC設計
8039,台虹,TSE,主機板,FCCL
8038,長園科,OTC,電子零組件,3C二次電池
8034,榮群,OTC,通訊設備,光纖通訊
8033,雷虎,TSE,其他,其他製造業
8032,光菱,OTC,資訊通路,零組件代理
8028,昇陽半導體,TSE,半導體,晶圓材料
8027,鈦昇,OTC,電子設備,電機設備
8024,佑華,OTC,半導體,IC設計
8021,尖點,TSE,主機板,PCB上-其他
8016,矽創,TSE,半導體,IC設計
8011,台通,TSE,通訊設備,光纖通訊
7402,邑錡,OTC,消費性電子,照相機
6803,崑鼎,OTC,資源回收,廢棄物處理
6683,雍智科技,OTC,主機板,IC載板
6679,鈺太,OTC,半導體,IC設計
6674,鋐寶科技,TSE,通訊設備,通訊設備
6672,騰輝電子-KY,TSE,主機板,銅箔基板
6671,三能-KY,TSE,其他,其他製造業
6670,復盛應用,TSE,其他,高爾夫球頭
6669,緯穎,TSE,PC系統,NB
6668,中揚光,TSE,消費性電子,照相機
6667,信紘科,OTC,其他,其他製造業
6666,羅麗芬-KY,TSE,其他化學,其他化學
6664,群翊,OTC,電子設備,電機設備
6662,樂斯科,OTC,生物科技,生物科技
6655,科定,TSE,其他,其他製造業
6654,天正國際,OTC,機械業,工具機
6649,台生材,OTC,醫療耗材,醫療耗材
6643,M31,OTC,半導體,IC設計
6641,基士德-KY,TSE,其他電製品,其他電製品
6640,均華,OTC,電子設備,電機設備
6629,泰金-KY,OTC,五金及家具,五金及家具
6625,必應,TSE,電視廣播,電視廣播
6624,萬年清,OTC,資源回收,廢棄物處理
6616,特昇-KY,OTC,五金及家具,五金及家具
6615,慧智,OTC,生物科技,生物科技
6613,朋億,OTC,電子設備,廠辦機電
6612,奈米醫材,OTC,醫療耗材,醫療耗材
6609,瀧澤科,OTC,機械業,工具機
6605,帝寶,TSE,汽車組件,汽車組件
6603,富強鑫,OTC,機械業,工具機
6596,寬宏藝術,OTC,廣告業,廣告業
6594,展匯科,OTC,半導體,IC設計
6593,台灣銘板,OTC,其他電子,其他電子
6591,動力-KY,TSE,電子零組件,散熱零組件
6590,普鴻,OTC,軟體服務,系統整合
6589,台康生技,OTC,生物科技,生物科技
6582,申豐,TSE,橡膠原料,橡膠原料
6581,鋼聯,TSE,資源回收,廢棄物處理
6579,研揚,TSE,主機板,工業電腦
6578,達邦蛋白,OTC,油脂飼料,油脂飼料
6577,勁豐,OTC,主機板,工業電腦
6576,逸達,OTC,藥,西藥
6574,霈方,OTC,其他化學,其他化學
6573,虹揚-KY,TSE,電子零組件,二極體整流
6570,維田,OTC,主機板,工業電腦
6569,醫揚,OTC,主機板,工業電腦
6568,宏觀,OTC,半導體,IC設計
6561,是方,OTC,通訊設備,網路服務
6560,欣普羅,OTC,消費性電子,照相機
6558,興能高,TSE,電子零組件,3C二次電池
6556,勝品,OTC,光電/ IO,監控系統
6552,易華電,TSE,半導體,IC封測
6548,長科,OTC,半導體,IC導線架
6547,高端疫苗,OTC,藥,西藥
6542,隆中,OTC,軟體服務,應用軟體
6541,泰福-KY,TSE,藥,西藥
6538,倉和,OTC,光電/ IO,其他太陽能
6535,順藥,OTC,藥,西藥
6533,晶心科,TSE,半導體,IC設計
6532,瑞耘,OTC,電子設備,電機設備
6531,愛普,TSE,半導體,IC設計
6530,創威,OTC,通訊設備,光纖通訊
6525,捷敏-KY,TSE,半導體,IC封測
6523,達爾膚,OTC,生物科技,生物科技
6516,勤崴國際,OTC,軟體服務,系統整合
6514,芮特-KY,OTC,電子零組件,連接器
6512,啟發電,OTC,電子零組件,其他零組件
6510,精測,OTC,主機板,PCB
6509,聚和,OTC,其他化學,其他化學
6508,惠光,OTC,藥,農藥肥料
6506,雙邦,OTC,樹脂,樹脂
6505,台塑化,TSE,輕油製解,輕油製解
6504,南六,TSE,不織布,不織布
6499,益安,OTC,醫療耗材,醫療耗材
6497,亞獅康-KY　,OTC,藥,西藥
6496,科懋,OTC,藥,西藥
6494,九齊,OTC,半導體,IC設計
6492,生華科,OTC,藥,西藥
6488,環球晶,OTC,半導體,晶圓材料
6486,互動,OTC,軟體服務,系統整合
6485,點序,OTC,半導體,IC設計
6482,弘煜科,OTC,軟體服務,應用軟體
6477,安集,TSE,光電/ IO,太陽能系統
6472,保瑞,OTC,藥,西藥
6470,宇智,OTC,通訊設備,通訊設備
6469,大樹,OTC,藥局,藥局
6465,威潤,OTC,通訊設備,衛星通訊
6464,台數科,TSE,有線電視,有線電視
6462,神盾,OTC,半導體,IC設計
6461,益得,OTC,藥,西藥
6457,紘康,OTC,半導體,IC設計
6456,GIS-KY,TSE,光電/ IO,觸控面板
6452,康友-KY,TSE,藥,西藥
6451,訊芯-KY,TSE,半導體,IC封測
6449,鈺邦,TSE,電子零組件,被動元件
6446,藥華藥,OTC,藥,西藥
6443,元晶,TSE,光電/ IO,太陽能電池
6442,光聖,TSE,通訊設備,光纖通訊
6441,廣錠,OTC,主機板,工業電腦
6438,迅得,OTC,電子設備,電機設備
6435,大中,OTC,半導體,IC設計
6432,今展科,OTC,電子零組件,被動元件
6431,光麗-KY,TSE,光電/ IO,觸控面板
6426,統新,OTC,通訊設備,光纖通訊
6425,易發,OTC,電子設備,電機設備
6419,京晨科,OTC,光電/ IO,監控系統
6418,詠昇,OTC,電子零組件,連接器
6417,韋僑,OTC,電子零組件,其他零組件
6416,瑞祺電通,TSE,網路設備,數據機
6415,矽力-KY,TSE,半導體,IC設計
6414,樺漢,TSE,主機板,工業電腦
6412,群電,TSE,電子零組件,電源供應器
6411,晶焱,OTC,半導體,IC設計
6409,旭隼,TSE,電子零組件,電源供應器
6405,悅城,TSE,光電/ IO,觸控面板
6404,通訊-KY,OTC,軟體服務,應用軟體
6294,智基,OTC,其他,其他服務
6292,迅德,OTC,電子零組件,電源供應器
6291,沛亨,OTC,半導體,IC設計
6290,良維,OTC,電子零組件,連接器
6289,華上,TSE,光電/ IO,磊晶及晶粒
6288,聯嘉,TSE,光電/ IO,封裝及應用
6287,元隆,OTC,半導體,晶圓代工
6285,啟碁,TSE,通訊設備,通訊設備
6284,佳邦,OTC,電子零組件,被動元件
6283,淳安,TSE,光電/ IO,PC週邊
6282,康舒,TSE,電子零組件,電源供應器
6281,全國電,TSE,資訊通路,3C通路
6279,胡連,OTC,汽車組件,汽車組件
6278,台表科,TSE,主機板,PCB 組裝
6277,宏正,TSE,光電/ IO,PC週邊
6276,安鈦克,OTC,電子零組件,電源供應器
6275,元山,OTC,電子零組件,散熱零組件
6274,台燿,OTC,主機板,銅箔基板
6271,同欣電,TSE,光電/ IO,封裝及應用
6270,倍微,OTC,資訊通路,零組件代理
6269,台郡,TSE,主機板,軟板
6266,泰詠,OTC,主機板,PCB 組裝
6265,方土昶,OTC,資訊通路,零組件代理
6264,富裔,OTC,建設,建設
6263,普萊德,OTC,網路設備,網路卡
6261,久元,OTC,半導體,IC封測
6259,百徽,OTC,資訊通路,零組件代理
6257,矽格,TSE,半導體,IC封測
6251,定穎,TSE,主機板,PCB
6248,沛波,OTC,金屬基本,鋼筋
6247,淇譽電,OTC,消費性電子,音響設備
6246,臺龍,OTC,光電/ IO,背光模組
6245,立端,OTC,主機板,工業電腦
6244,茂迪,OTC,光電/ IO,太陽能電池
6243,迅杰,TSE,半導體,IC設計
6242,立康,OTC,藥,機能性食品
6241,易通展,OTC,網路設備,數據機
6240,松崗,OTC,平媒電子報,平媒電子報
6239,力成,TSE,半導體,IC封測
6238,勝麗,OTC,半導體,IC封測
6237,驊訊,OTC,半導體,IC設計
6236,康呈,OTC,生物科技,生物科技
6235,華孚,TSE,電子零組件,機殼
6234,高僑,OTC,電子設備,電機設備
6233,旺玖,OTC,半導體,IC設計
6231,系微,OTC,軟體服務,應用軟體
6230,超眾,TSE,電子零組件,散熱零組件
6229,研通,OTC,半導體,IC設計
6228,全譜,OTC,光電/ IO,掃瞄器
6227,茂綸,OTC,資訊通路,零組件代理
6226,光鼎,TSE,光電/ IO,封裝及應用
6225,天瀚,TSE,消費性電子,照相機
6224,聚鼎,TSE,電子零組件,被動元件
6223,旺矽,OTC,電子設備,電機設備
6222,上揚,OTC,光電/ IO,封裝及應用
6221,晉泰,OTC,軟體服務,系統整合
6220,岳豐,OTC,電子零組件,連接器
6219,富旺,OTC,建設,建設
6218,豪勉,OTC,軟體服務,系統整合
6217,中探針,OTC,電子設備,電機設備
6216,居易,TSE,網路設備,數據機
6215,和椿,TSE,電子設備,電機設備
6214,精誠,TSE,軟體服務,系統整合
6213,聯茂,TSE,主機板,銅箔基板
6212,理銘,OTC,建設,建設
6210,慶生,OTC,主機板,PCB
6209,今國光,TSE,消費性電子,照相機
6208,日揚,OTC,電子設備,電機設備
6207,雷科,OTC,電子零組件,其他零組件
6206,飛捷,TSE,主機板,POS
6205,詮欣,TSE,電子零組件,連接器
6204,艾華,OTC,電子零組件,被動元件
6203,海韻電,OTC,電子零組件,電源供應器
6202,盛群,TSE,半導體,IC設計
6201,亞弘電,TSE,消費性電子,音響設備
6199,天品,OTC,靈骨塔業,靈骨塔業
6198,凌泰,OTC,半導體,IC設計
6197,佳必琪,TSE,電子零組件,連接器
6196,帆宣,TSE,電子設備,廠辦機電
6195,詩肯,OTC,貿易業,貿易業
6194,育富,OTC,主機板,PCB
6192,巨路,TSE,資訊通路,零組件代理
6191,精成科,TSE,主機板,PCB 組裝
6190,萬泰科,OTC,電子零組件,連接器
6189,豐藝,TSE,資訊通路,零組件代理
6188,廣明,OTC,光電/ IO,PC週邊
6187,萬潤,OTC,電子設備,電機設備
6186,新潤,OTC,建設,建設
6185,幃翔,OTC,電子零組件,連接器
6184,大豐電,TSE,有線電視,有線電視
6183,關貿,TSE,通訊設備,網路服務
6182,合晶,OTC,半導體,晶圓材料
6180,橘子,OTC,軟體服務,應用軟體
6179,亞通,OTC,工程承攬,工程承攬
6177,達麗,TSE,建設,建設
6176,瑞儀,TSE,光電/ IO,背光模組
6175,立敦,OTC,電子零組件,被動元件
6174,安碁,OTC,電子零組件,石英元件
6173,信昌電,OTC,電子零組件,被動元件
6172,互億,TSE,網路設備,數據機
6171,亞銳士,OTC,建設,建設
6170,統振,OTC,資訊通路,零組件代理
6169,昱泉,OTC,軟體服務,應用軟體
6168,宏齊,TSE,光電/ IO,封裝及應用
6167,久正,OTC,光電/ IO,LCD-其他
6166,凌華,TSE,主機板,工業電腦
6165,捷泰,TSE,電子零組件,連接器
6164,華興,TSE,光電/ IO,封裝及應用
6163,華電網,OTC,網路設備,數據機
6161,捷波,OTC,主機板,繪圖卡
6160,欣技,OTC,主機板,工業電腦
6158,禾昌,OTC,電子零組件,連接器
6156,松上,OTC,主機板,PCB
6155,鈞寶,TSE,電子零組件,被動元件
6154,順發,OTC,資訊通路,3C通路
6153,嘉聯益,TSE,主機板,軟板
6152,百一,TSE,通訊設備,通訊設備
6151,晉倫,OTC,石化,塑膠加工
6150,撼訊,OTC,主機板,繪圖卡
6148,驊宏資,OTC,軟體服務,系統整合
6147,頎邦,OTC,半導體,IC封測
6146,耕興,OTC,其他電子,其他電子
6144,得利影,OTC,軟體服務,應用軟體
6143,振曜,OTC,光電/ IO,PC週邊
6142,友勁,TSE,網路設備,網路卡
6141,柏承,TSE,主機板,PCB
6140,訊達,OTC,軟體服務,系統整合
6139,亞翔,TSE,電子設備,廠辦機電
6138,茂達,OTC,半導體,IC設計
6136,富爾特,TSE,資訊通路,零組件代理
6134,萬旭,OTC,電子零組件,連接器
6133,金橋,TSE,電子零組件,連接器
6131,悠克,TSE,光電/ IO,監控系統
6130,星寶國際,OTC,醫療耗材,醫療耗材
6129,普誠,OTC,半導體,IC設計
6128,上福,TSE,電子零組件,其他零組件
6127,九豪,OTC,電子零組件,被動元件
6126,信音,OTC,電子零組件,連接器
6125,廣運,OTC,電子設備,電機設備
6124,業強,OTC,電子零組件,散熱零組件
6123,上奇,OTC,資訊通路,3C通路
6122,擎邦,OTC,營造,營造
6121,新普,OTC,電子零組件,3C二次電池
6120,達運,TSE,光電/ IO,背光模組
6118,建達,OTC,資訊通路,3C通路
6117,迎廣,TSE,電子零組件,機殼
6116,彩晶,TSE,光電/ IO,LCD 面板
6115,鎰勝,TSE,電子零組件,連接器
6114,久威,OTC,主機板,PCB
6113,亞矽,OTC,資訊通路,零組件代理
6112,聚碩,TSE,軟體服務,系統整合
6111,大宇資,OTC,軟體服務,應用軟體
6109,亞元,OTC,電子零組件,電源供應器
6108,競國,TSE,主機板,PCB
6104,創惟,OTC,半導體,IC設計
6103,合邦,OTC,資訊通路,零組件代理
6101,寬魚國際,OTC,電視廣播,電視廣播
6026,福邦證,OTC,證券,證券
6024,群益期,TSE,期貨,期貨
6023,元大期,OTC,期貨,期貨
6021,大慶證,OTC,證券,證券
6020,大展證,OTC,證券,證券
6016,康和證,OTC,證券,證券
6015,宏遠證,OTC,證券,證券
6005,群益證,TSE,證券,證券
5907,大洋-KY,TSE,百貨批發,百貨購物中
5906,台南-KY,TSE,成衣,成衣製造
5905,南仁湖,OTC,觀光遊樂區,觀光遊樂區
5904,寶雅,OTC,百貨批發,百貨購物中
5903,全家,OTC,百貨批發,便利商店
5902,德記,OTC,貿易業,貿易業
5880,合庫金,TSE,金融控股,金融控股
5878,台名,OTC,保險經紀,保險經紀
5876,上海商銀,TSE,本國銀行,本國銀行
5871,中租-KY,TSE,租賃業,租賃業
5864,致和證,OTC,證券,證券
5820,日盛金,OTC,金融控股,金融控股
5706,鳳凰,TSE,旅行社,旅行社
5704,老爺知,OTC,餐飲飯店,飯店業
5703,亞都,OTC,餐飲飯店,飯店業
5701,劍湖山,OTC,餐飲飯店,飯店業
5609,中菲行,OTC,貨運倉儲業,貨運倉儲業
5608,四維航,TSE,海運,散裝輪
5607,遠雄港,TSE,貨運倉儲業,貨運倉儲業
5604,中連貨,OTC,貨運倉儲業,貨運倉儲業
5603,陸海,OTC,貨運倉儲業,貨運倉儲業
5601,台聯櫃,OTC,貨運倉儲業,貨運倉儲業
5543,崇佑-KY,OTC,金屬製品,金屬製品
5538,東明-KY,TSE,金屬基本,線材
5536,聖暉,OTC,電子設備,廠辦機電
5534,長虹,TSE,建設,建設
5533,皇鼎,TSE,建設,建設
5531,鄉林,TSE,建設,建設
5530,龍巖,OTC,靈骨塔業,靈骨塔業
5529,志嘉,OTC,建設,建設
5525,順天,TSE,建設,建設
5523,豐謙,OTC,建設,建設
5522,遠雄,TSE,建設,建設
5521,工信,TSE,營造,營造
5520,力泰,OTC,預拌混凝土,預拌混凝土
5519,隆大,TSE,建設,建設
5516,雙喜,OTC,營造,營造
5515,建國,TSE,營造,營造
5514,三豐,OTC,建設,建設
5512,力麒,OTC,建設,建設
5511,德昌,OTC,營造,營造
5508,永信建,OTC,建設,建設
5498,凱崴,OTC,主機板,PCB上-其他
5493,三聯,OTC,電子設備,電機設備
5490,同亨,OTC,主機板,POS
5489,彩富,OTC,光電/ IO,監控系統
5488,松普,OTC,電子零組件,連接器
5487,通泰,OTC,半導體,IC設計
5484,慧友,TSE,光電/ IO,監控系統
5483,中美晶,OTC,半導體,晶圓材料
5481,新華,OTC,其他,其他服務
5478,智冠,OTC,軟體服務,應用軟體
5475,德宏,OTC,主機板,玻纖紗. 布
5474,聰泰,OTC,主機板,電視卡
5471,松翰,TSE,半導體,IC設計
5469,瀚宇博,TSE,主機板,PCB
5468,凱鈺,OTC,半導體,IC設計
5465,富驊,OTC,電子零組件,機殼
5464,霖宏,OTC,主機板,PCB
5460,同協,OTC,電子零組件,沖壓零組件
5457,宣德,OTC,電子零組件,連接器
5455,昇益,OTC,貿易業,貿易業
5452,佶優,OTC,資訊通路,零組件代理
5450,寶聯通,OTC,其他化學,其他化學
5443,均豪,OTC,電子設備,電機設備
5439,高技,OTC,主機板,PCB
5438,東友,OTC,光電/ IO,掃瞄器
5434,崇越,TSE,資訊通路,零組件代理
5432,達威,OTC,光電/ IO,LCD-其他
5426,振發,OTC,電子零組件,機殼
5425,台半,OTC,電子零組件,二極體整流
5410,國眾,OTC,資訊通路,3C通路
5403,中菲,OTC,軟體服務,系統整合
5398,慕康生醫,OTC,藥,西藥
5392,應華,OTC,電子零組件,機殼
5388,中磊,TSE,網路設備,網路卡
5386,青雲,OTC,主機板,繪圖卡
5383,金利,OTC,電子零組件,光電導線架
5381,合正,OTC,主機板,銅箔基板
5371,中光電,OTC,光電/ IO,背光模組
5364,力麗店,OTC,餐飲飯店,飯店業
5356,協益,OTC,塑膠製品,塑膠製品
5355,佳總,OTC,主機板,PCB
5353,台林,OTC,網路設備,數據機
5351,鈺創,OTC,半導體,IC設計
5349,先豐,OTC,主機板,PCB
5348,系通,OTC,通訊設備,通訊設備
5347,世界,OTC,半導體,晶圓代工
5345,天揚,OTC,電子零組件,被動元件
5344,立衛,OTC,半導體,IC封測
5340,建榮,OTC,主機板,玻纖紗. 布
5328,華容,OTC,電子零組件,被動元件
5324,士開,OTC,建設,建設
5321,友銓,OTC,主機板,PCB
5317,凱美,OTC,電子零組件,被動元件
5315,光聯,OTC,光電/ IO,LCD-其他
5314,世紀,OTC,半導體,IC設計
5312,寶島科,OTC,醫療耗材,醫療耗材
5310,天剛,OTC,軟體服務,系統整合
5309,系統電,OTC,電子零組件,電源供應器
5306,桂盟,OTC,自行車組件,自行車組件
5305,敦南,TSE,電子零組件,二極體整流
5304,鼎創達,OTC,其他電子,其他電子
5302,太欣,OTC,半導體,IC設計
5301,寶得利,OTC,貿易業,貿易業
5299,杰力,OTC,半導體,IC設計
5291,邑昇,OTC,主機板,PCB
5289,宜鼎,OTC,半導體,記憶體模組
5288,豐祥-KY,TSE,汽車組件,汽車組件
5287,數字,OTC,通訊設備,網路服務
5285,界霖,TSE,半導體,IC導線架
5284,jpp-KY,TSE,電子零組件,其他零組件
5283,禾聯碩,TSE,家電製品,家電
5281,大峽谷-KY,OTC,光電/ IO,封裝及應用
5278,尚凡,OTC,通訊設備,網路服務
5276,達輝-KY,OTC,汽車組件,汽車組件
5274,信驊,OTC,半導體,IC設計
5272,笙科,OTC,半導體,IC設計
5269,祥碩,TSE,半導體,IC設計
5264,鎧勝-KY,TSE,電子零組件,機殼
5263,智崴,OTC,軟體服務,應用軟體
5259,清惠,TSE,光電/ IO,觸控面板
5258,虹堡,TSE,主機板,POS
5251,天鉞電,OTC,光電/ IO,監控系統
5245,智晶,OTC,光電/ IO,LCD 面板
5243,乙盛-KY,TSE,電子零組件,沖壓零組件
5234,達興材料,TSE,光電/ IO,LCD 原料
5230,雷笛克光學,OTC,光電/ IO,封裝及應用
5227,立凱-KY,OTC,電子零組件,3C二次電池
5225,東科-KY,TSE,消費性電子,音響設備
5223,安力-KY,OTC,電子零組件,沖壓零組件
5220,萬達光電,OTC,光電/ IO,觸控面板
5215,科嘉-KY,TSE,電子零組件,其他零組件
5213,亞昕,OTC,建設,建設
5212,凌網,OTC,軟體服務,系統整合
5211,蒙恬,OTC,軟體服務,應用軟體
5210,寶碩,OTC,軟體服務,系統整合
5209,新鼎,OTC,軟體服務,系統整合
5206,坤悅,OTC,建設,建設
5205,中茂,OTC,軟體服務,應用軟體
5203,訊連,TSE,軟體服務,應用軟體
5202,力新,OTC,軟體服務,應用軟體
5201,凱衛,OTC,軟體服務,系統整合
5102,富強,OTC,輪胎,輪胎
5016,松和,OTC,金屬基本,線材
5015,華祺,OTC,金屬基本,線材
5014,建錩,OTC,金屬基本,不銹鋼
5013,強新,OTC,金屬基本,線材
5011,久陽,OTC,金屬基本,線材
5009,榮剛,OTC,金屬基本,不銹鋼
5007,三星,TSE,金屬基本,線材
4999,鑫禾,TSE,電子零組件,機殼
4995,晶達,OTC,光電/ IO,監視器
4994,傳奇,TSE,軟體服務,應用軟體
4991,環宇-KY,OTC,半導體,特用IC
4989,榮科,TSE,主機板,PCB上-其他
4987,科誠,OTC,主機板,POS
4979,華星光,OTC,通訊設備,光纖通訊
4977,眾達-KY,TSE,通訊設備,光纖通訊
4976,佳凌,TSE,消費性電子,照相機
4974,亞泰,OTC,光電/ IO,掃瞄器
4973,廣穎,OTC,半導體,記憶體模組
4972,湯石照明,OTC,光電/ IO,封裝及應用
4971,IET-KY,OTC,半導體,特用IC
4968,立積,TSE,半導體,IC設計
4967,十銓,TSE,半導體,記憶體模組
4966,譜瑞-KY,OTC,半導體,IC設計
4961,天鈺,TSE,半導體,IC設計
4960,誠美材,TSE,光電/ IO,LCD 原料
4958,臻鼎-KY,TSE,主機板,軟板
4956,光鋐,TSE,光電/ IO,磊晶及晶粒
4953,緯軟,OTC,軟體服務,系統整合
4952,凌通,TSE,半導體,IC設計
4950,牧東,OTC,五金及家具,五金及家具
4947,昂寶-KY,OTC,半導體,IC設計
4946,辣椒,OTC,軟體服務,應用軟體
4944,兆遠,OTC,光電/ IO,藍寶石基板
4943,康控-KY,TSE,電子零組件,連接器
4942,嘉彰,TSE,電子零組件,沖壓零組件
4939,亞電,OTC,主機板,FCCL
4938,和碩,TSE,PC系統,NB
4935,茂林-KY,TSE,光電/ IO,LCD 原料
4934,太極,TSE,光電/ IO,太陽能電池
4933,友輝,OTC,光電/ IO,LCD 原料
4930,燦星網,TSE,家電製品,家電
4927,泰鼎-KY,TSE,主機板,PCB
4924,欣厚-KY,OTC,消費性電子,音響設備
4919,新唐,TSE,半導體,IC設計
4916,事欣科,TSE,主機板,工業電腦
4915,致伸,TSE,光電/ IO,PC週邊
4912,聯德控股-KY,TSE,電子零組件,沖壓零組件
4911,德英,OTC,藥,西藥
4909,新復興,OTC,主機板,PCB
4908,前鼎,OTC,通訊設備,光纖通訊
4907,富宇,OTC,建設,建設
4906,正文,TSE,網路設備,網路卡
4905,台聯電,OTC,網路設備,數據機
4904,遠傳,TSE,通訊設備,電信業
4903,聯光通,OTC,通訊設備,光纖通訊
4807,日成-KY,TSE,其他,其他製造業
4806,昇華,OTC,電視廣播,電視廣播
4804,大略-KY,OTC,餐飲飯店,餐飲業
4803,VHQ-KY,OTC,電視廣播,電視廣播
4767,誠泰科技,OTC,樹脂,樹脂
4766,南寶,TSE,樹脂,樹脂
4764,雙鍵,TSE,其他化學,其他化學
4763,材料-KY,TSE,其他化學,其他化學
4760,勤凱,OTC,電子零組件,被動元件
4755,三福化,TSE,其他化學,其他化學
4754,國碳科,OTC,其他化學,其他化學
4747,強生,OTC,藥,西藥
4746,台耀,TSE,藥,西藥
4745,合富-KY,OTC,醫療耗材,醫療耗材
4744,皇將,OTC,電子設備,電機設備
4743,合一,OTC,藥,西藥
4741,泓瀚,OTC,染料及顏料,染料及顏料
4739,康普,TSE,其他化學,其他化學
4737,華廣,TSE,醫療耗材,醫療耗材
4736,泰博,OTC,醫療耗材,醫療耗材
4735,豪展,OTC,醫療耗材,醫療耗材
4729,熒茂,OTC,光電/ IO,觸控面板
4728,雙美,OTC,醫療耗材,醫療耗材
4726,永昕,OTC,藥,西藥
4725,信昌化,TSE,石化,泛用塑膠
4722,國精化,TSE,樹脂,樹脂
4721,美琪瑪,OTC,其他化學,其他化學
4720,德淵,TSE,樹脂,樹脂
4716,大立,OTC,樹脂,樹脂
4714,永捷,OTC,樹脂,樹脂
4712,南璋,OTC,其他,漁業
4711,永純,OTC,樹脂,樹脂
4707,磐亞,OTC,清潔劑,清潔劑原料
4706,大恭,OTC,染料及顏料,染料及顏料
4702,中美實,OTC,染料及顏料,染料及顏料
4609,唐鋒,OTC,家電製品,家電
4568,科際精密,OTC,家電製品,空調冷凍
4566,時碩工業,TSE,汽車組件,汽車組件
4564,元翎,TSE,金屬製品,金屬製品
4563,百德,OTC,機械業,工具機
4562,穎漢,TSE,機械業,工具機
4561,健椿,OTC,機械業,模具零件
4560,強信-KY,TSE,機械業,紡織工具機
4557,永新-KY,TSE,汽車組件,汽車組件
4556,旭然,OTC,其他電製品,其他電製品
4555,氣立,TSE,機械業,模具零件
4554,橙的,OTC,汽車組件,汽車組件
4552,力達-KY,TSE,家電製品,家電
4551,智伸科,TSE,汽車組件,汽車組件
4550,長佳,OTC,電機製品,機電工程
4549,桓達,OTC,電機製品,電機
4545,銘鈺,TSE,光電/ IO,硬碟磁碟
4543,萬在,OTC,汽車組件,汽車組件
4542,科嶠,OTC,電子設備,電機設備
4541,晟田,OTC,機車船製造,航空器製造
4540,全球傳動,TSE,機械業,模具零件
4538,大詠城,OTC,機械業,模具零件
4536,拓凱,TSE,其他,其他製造業
4535,至興,OTC,汽車組件,汽車組件
4534,慶騰,OTC,機械業,工具機
4533,協易機,OTC,機械業,工具機
4532,瑞智,TSE,家電製品,家電
4530,宏易,OTC,網路設備,網路卡
4529,淳紳,OTC,汽車製造,汽車製造
4528,江興鍛,OTC,汽車組件,汽車組件
4527,方土霖,OTC,家電製品,空調冷凍
4526,東台,TSE,機械業,工具機
4523,永彰,OTC,汽車組件,汽車組件
4513,福裕,OTC,機械業,工具機
4510,高鋒,OTC,機械業,工具機
4506,崇友,OTC,電機製品,電機
4503,金雨,OTC,其他電製品,其他電製品
4502,健信,OTC,汽車組件,汽車組件
4438,廣越,TSE,成衣,成衣製造
4433,興采,OTC,成衣,織布
4432,銘旺實,OTC,成衣,成衣製造
4430,耀億,OTC,其他紡織,其他紡織
4429,聚紡,OTC,成衣,織布
4426,利勤,TSE,成衣,織布
4420,光明,OTC,成衣,織布
4419,元勝,OTC,成衣,織布
4417,金洲,OTC,其他紡織,其他紡織
4416,三圓,OTC,建設,建設
4415,台原藥,OTC,藥,機能性食品
4414,如興,TSE,成衣,成衣製造
4413,飛寶企業,OTC,成衣,織布
4406,新昕纖,OTC,人纖,加工絲
4402,福大,OTC,人纖,尼龍絲
4401,東隆興,OTC,人纖,尼龍絲
4306,炎洲,TSE,石化,膠帶
4305,世坤,OTC,石化,塑膠加工
4304,勝昱,OTC,石化,塑膠加工
4303,信立,OTC,石化,合成皮
4207,環泰,OTC,其他食品,其他食品
4205,中華食,OTC,其他食品,其他食品
4198,環瑞醫,OTC,醫療耗材,醫療耗材
4192,杏國,OTC,藥,西藥
4190,佐登-KY,TSE,其他化學,其他化學
4188,安克,OTC,醫療耗材,醫療耗材
4183,福永生技,OTC,醫療耗材,醫療耗材
4180,安成藥,OTC,藥,西藥
4175,杏一,OTC,藥局,藥局
4174,浩鼎,OTC,藥,西藥
4173,久裕,OTC,藥,西藥
4171,瑞基,OTC,醫療耗材,醫療耗材
4168,醣聯,OTC,藥,西藥
4167,展旺,OTC,藥,西藥
4164,承業醫,TSE,醫療耗材,醫療耗材
4163,鐿鈦,OTC,金屬製品,金屬製品
4162,智擎,OTC,藥,西藥
4161,聿新科,OTC,醫療耗材,醫療耗材
4160,創源,OTC,生物科技,生物科技
4157,太景*-KY,OTC,藥,西藥
4155,訊映,TSE,醫療耗材,醫療耗材
4154,康樂-KY,OTC,藥,機能性食品
4153,鈺緯,OTC,光電/ IO,監視器
4152,台微體,OTC,藥,西藥
4148,全宇生技-KY,TSE,藥,農藥肥料
4147,中裕,OTC,藥,西藥
4144,康聯-KY,TSE,藥,西藥
4142,國光生,TSE,藥,西藥
4141,龍燈-KY,TSE,藥,農藥肥料
4139,馬光-KY,OTC,生物科技,生物科技
4138,曜亞,OTC,醫療耗材,醫療耗材
4137,麗豐-KY,TSE,其他化學,其他化學
4133,亞諾法,TSE,生物科技,生物科技
4131,晶宇,OTC,醫療耗材,醫療耗材
4130,健亞,OTC,藥,西藥
4129,聯合,OTC,醫療耗材,醫療耗材
4128,中天,OTC,藥,西藥
4127,天良,OTC,藥,機能性食品
4126,太醫,OTC,醫療耗材,醫療耗材
4123,晟德,OTC,藥,西藥
4121,優盛,OTC,藥局,藥局
4120,友華,OTC,藥,西藥
4119,旭富,TSE,藥,西藥
4116,明基醫,OTC,醫療耗材,醫療耗材
4114,健喬,OTC,藥,西藥
4113,聯上,OTC,建設,建設
4111,濟生,OTC,藥,西藥
4109,穆拉德加捷,OTC,藥,機能性食品
4108,懷特,TSE,藥,西藥
4107,邦特,OTC,醫療耗材,醫療耗材
4106,雃博,TSE,醫療耗材,醫療耗材
4105,東洋,OTC,藥,西藥
4104,佳醫,TSE,醫療耗材,醫療耗材
4102,永日,OTC,藥,西藥
3712,永崴投控,TSE,資訊通路,3C通路
3711,日月光投控,TSE,半導體,IC封測
3710,連展投控,OTC,電子零組件,連接器
3709,鑫聯大投控,OTC,資訊通路,3C通路
3708,上緯投控,TSE,樹脂,樹脂
3707,漢磊,OTC,半導體,晶圓代工
3706,神達,TSE,PC系統,PC
3705,永信,TSE,藥,西藥
3704,合勤控,TSE,網路設備,數據機
3703,欣陸,TSE,營造,營造
3702,大聯大,TSE,資訊通路,零組件代理
3701,大眾控,TSE,PC系統,PC
3698,隆達,TSE,光電/ IO,磊晶及晶粒
3694,海華,TSE,通訊設備,通訊設備
3693,營邦,OTC,電子零組件,機殼
3691,碩禾,OTC,光電/ IO,其他太陽能
3689,湧德,OTC,電子零組件,連接器
3687,歐買尬,OTC,軟體服務,應用軟體
3686,達能,TSE,光電/ IO,矽晶圓
3685,元創精密,OTC,光電/ IO,LCD 原料
3684,榮昌,OTC,電子零組件,連接器
3682,亞太電,TSE,通訊設備,電信業
3680,家登,OTC,電子設備,電機設備
3679,新至陞,TSE,電子零組件,沖壓零組件
3675,德微,OTC,電子零組件,二極體整流
3673,TPK-KY,TSE,光電/ IO,觸控面板
3672,康聯訊,OTC,通訊設備,光纖通訊
3669,圓展,TSE,消費性電子,照相機
3666,光耀,OTC,光電/ IO,LCD 原料
3665,貿聯-KY,TSE,電子零組件,連接器
3664,安瑞-KY,OTC,軟體服務,系統整合
3663,鑫科,OTC,資源回收,貴金屬回收
3661,世芯-KY,TSE,半導體,IC設計
3653,健策,TSE,電子零組件,光電導線架
3652,精聯,OTC,主機板,POS
3646,艾恩特,OTC,電子零組件,連接器
3645,達邁,TSE,主機板,軟板
3642,駿熠電,OTC,光電/ IO,PC週邊
3632,研勤,OTC,軟體服務,系統整合
3631,晟楠,OTC,主機板,PCB上-其他
3630,新鉅科,OTC,消費性電子,照相機
3629,地心引力,OTC,光電/ IO,觸控面板
3628,盈正,OTC,電子零組件,電源供應器
3625,西勝,OTC,電子零組件,3C二次電池
3624,光頡,OTC,電子零組件,被動元件
3623,富晶通,OTC,光電/ IO,觸控面板
3622,洋華,TSE,光電/ IO,觸控面板
3617,碩天,TSE,電子零組件,電源供應器
3615,安可,OTC,光電/ IO,觸控面板
3611,鼎翰,OTC,主機板,POS
3609,東林,OTC,家電製品,照明
3607,谷崧,TSE,電子零組件,機殼
3605,宏致,TSE,電子零組件,連接器
3596,智易,TSE,網路設備,數據機
3594,磐儀,OTC,主機板,工業電腦
3593,力銘,TSE,電子零組件,機殼
3591,艾笛森,TSE,光電/ IO,封裝及應用
3588,通嘉,TSE,半導體,IC設計
3587,閎康,OTC,半導體,IC設計
3583,辛耘,TSE,電子設備,電機設備
3581,博磊,OTC,電子設備,電機設備
3580,友威科,OTC,電子設備,電機設備
3577,泓格,OTC,主機板,工業電腦
3576,聯合再生,TSE,光電/ IO,太陽能電池
3570,大塚,OTC,軟體服務,系統整合
3567,逸昌,OTC,半導體,IC封測
3564,其陽,OTC,主機板,工業電腦
3563,牧德,TSE,電子設備,電機設備
3562,頂晶科,OTC,光電/ IO,太陽能模組
3558,神準,OTC,網路設備,數據機
3557,嘉威,TSE,光電/ IO,LCD 原料
3556,禾瑞亞,OTC,半導體,IC設計
3555,重鵬,OTC,半導體,記憶體模組
3552,同致,OTC,汽車組件,汽車組件
3551,世禾,OTC,電子設備,電機設備
3550,聯穎,TSE,電子零組件,連接器
3548,兆利,OTC,電子零組件,機殼
3546,宇峻,OTC,軟體服務,應用軟體
3545,敦泰,TSE,半導體,IC設計
3541,西柏,OTC,光電/ IO,PC週邊
3540,曜越,OTC,電子零組件,機殼
3537,堡達,OTC,資訊通路,零組件代理
3536,誠創,TSE,電子零組件,二極體整流
3535,晶彩科,TSE,電子設備,電機設備
3533,嘉澤,TSE,電子零組件,連接器
3532,台勝科,TSE,半導體,晶圓材料
3531,先益,OTC,光電/ IO,背光模組
3530,晶相光,TSE,半導體,IC設計
3529,力旺,OTC,半導體,IC設計
3528,安馳,TSE,資訊通路,零組件代理
3527,聚積,OTC,半導體,IC設計
3526,凡甲,OTC,電子零組件,連接器
3523,迎輝,OTC,光電/ IO,LCD 原料
3522,御頂,OTC,餐飲飯店,餐飲業
3521,鴻翊,OTC,主機板,POS
3520,振維,OTC,電子零組件,連接器
3518,柏騰,TSE,電子設備,電機設備
3516,亞帝歐,OTC,家電製品,照明
3515,華擎,TSE,主機板,主機板
3512,皇龍,OTC,建設,建設
3511,矽瑪,OTC,電子零組件,連接器
3508,位速,OTC,電子零組件,沖壓零組件
3504,揚明光,TSE,光電/ IO,光學投影
3501,維熹,TSE,電子零組件,連接器
3499,環天科,OTC,通訊設備,衛星通訊
3498,陽程,OTC,電子設備,電機設備
3494,誠研,TSE,資訊通路,3C通路
3492,長盛,OTC,電子零組件,連接器
3491,昇達科,OTC,通訊設備,通訊設備
3490,單井,OTC,電子設備,電機設備
3489,森寶,OTC,建設,建設
3484,崧騰,OTC,電子零組件,連接器
3483,力致,OTC,電子零組件,散熱零組件
3481,群創,TSE,光電/ IO,LCD 面板
3479,安勤,OTC,主機板,工業電腦
3466,致振,OTC,通訊設備,通訊設備
3465,進泰電子,OTC,消費性電子,音響設備
3455,由田,OTC,電子設備,電機設備
3454,晶睿,TSE,光電/ IO,監控系統
3452,益通,OTC,光電/ IO,太陽能電池
3450,聯鈞,TSE,通訊設備,光纖通訊
3444,利機,OTC,資訊通路,零組件代理
3443,創意,TSE,半導體,IC設計
3441,聯一光,OTC,消費性電子,照相機
3438,類比科,OTC,半導體,IC設計
3437,榮創,TSE,光電/ IO,封裝及應用
3434,哲固,OTC,光電/ IO,監視器
3432,台端,TSE,電子零組件,連接器
3431,長天,OTC,通訊設備,衛星通訊
3426,台興,OTC,電子零組件,被動元件
3419,譁裕,TSE,電子零組件,連接器
3416,融程電,TSE,主機板,工業電腦
3413,京鼎,TSE,電子設備,電機設備
3406,玉晶光,TSE,消費性電子,照相機
3402,漢科,OTC,電子設備,廠辦機電
3390,旭軟,OTC,主機板,軟板
3388,崇越電,OTC,資訊通路,零組件代理
3383,新世紀,TSE,光電/ IO,磊晶及晶粒
3380,明泰,TSE,網路設備,網路卡
3379,彬台,OTC,其他電製品,其他電製品
3376,新日興,TSE,電子零組件,機殼
3374,精材,OTC,半導體,IC封測
3373,熱映,OTC,醫療耗材,醫療耗材
3372,典範,OTC,半導體,IC封測
3363,上詮,OTC,通訊設備,光纖通訊
3362,先進光,OTC,消費性電子,照相機
3360,尚立,OTC,資訊通路,零組件代理
3356,奇偶,TSE,光電/ IO,監控系統
3354,律勝,OTC,主機板,FCCL
3346,麗清,TSE,光電/ IO,封裝及應用
3339,泰谷,OTC,光電/ IO,磊晶及晶粒
3338,泰碩,TSE,電子零組件,散熱零組件
3332,幸康,OTC,電子零組件,電源供應器
3325,旭品,OTC,電子零組件,機殼
3324,雙鴻,OTC,電子零組件,散熱零組件
3323,加百裕,OTC,電子零組件,3C二次電池
3322,建舜電,OTC,電子零組件,連接器
3321,同泰,TSE,主機板,軟板
3317,尼克森,OTC,半導體,IC設計
3313,斐成,OTC,電子零組件,被動元件
3312,弘憶股,TSE,資訊通路,零組件代理
3311,閎暉,TSE,電子零組件,機殼
3310,佳穎,OTC,建設,建設
3308,聯德,TSE,電子零組件,電源供應器
3306,鼎天,OTC,通訊設備,衛星通訊
3305,昇貿,TSE,主機板,PCB上-其他
3303,岱稜,OTC,其他電子,其他電子
3297,杭特,OTC,光電/ IO,監控系統
3296,勝德,TSE,電子零組件,電源供應器
3294,英濟,OTC,電子零組件,機殼
3293,鈊象,OTC,軟體服務,應用軟體
3290,東浦,OTC,光電/ IO,觸控面板
3289,宜特,OTC,半導體,IC設計
3288,點晶,OTC,半導體,IC設計
3287,廣寰科,OTC,主機板,電視卡
3285,微端,OTC,消費性電子,音響設備
3284,太普高,OTC,印刷,印刷
3276,宇環,OTC,主機板,軟板
3272,東碩,OTC,光電/ IO,PC週邊
3268,海德威,OTC,半導體,IC設計
3266,昇陽,TSE,建設,建設
3265,台星科,OTC,半導體,IC封測
3264,欣銓,OTC,半導體,IC封測
3260,威剛,OTC,半導體,記憶體模組
3259,鑫創,OTC,半導體,IC設計
3257,虹冠電,TSE,半導體,IC設計
3252,海灣,OTC,建設,建設
3236,千如,OTC,電子零組件,被動元件
3234,光環,OTC,通訊設備,光纖通訊
3232,昱捷,OTC,資訊通路,零組件代理
3231,緯創,TSE,PC系統,NB
3230,錦明,OTC,電子零組件,機殼
3229,晟鈦,TSE,主機板,PCB
3228,金麗科,OTC,半導體,IC設計
3227,原相,OTC,半導體,IC設計
3226,至寶電,OTC,汽車組件,汽車組件
3224,三顧,OTC,資訊通路,零組件代理
3221,台嘉碩,OTC,電子零組件,石英元件
3219,倚強,OTC,半導體,IC設計
3218,大學光,OTC,醫療耗材,醫療耗材
3217,優群,OTC,電子零組件,連接器
3213,茂訊,OTC,PC系統,NB
3211,順達,OTC,電子零組件,3C二次電池
3209,全科,TSE,資訊通路,零組件代理
3207,耀勝,OTC,電子零組件,電源供應器
3206,志豐,OTC,消費性電子,音響設備
3205,佰研,OTC,藥,機能性食品
3202,樺晟,OTC,電子零組件,連接器
3191,和進,OTC,電子零組件,其他零組件
3189,景碩,TSE,主機板,IC載板
3188,鑫龍騰,OTC,建設,建設
3178,公準,OTC,電子設備,電機設備
3176,基亞,OTC,藥,西藥
3171,新洲,OTC,石化,膠帶
3169,亞信,OTC,半導體,IC設計
3167,大量,TSE,電子設備,電機設備
3164,景岳,TSE,藥,機能性食品
3163,波若威,OTC,通訊設備,光纖通訊
3162,精確,OTC,自行車組件,自行車組件
3152,璟德,OTC,電子零組件,被動元件
3149,正達,TSE,光電/ IO,觸控面板
3147,大綜,OTC,軟體服務,系統整合
3144,新揚科,OTC,主機板,FCCL
3141,晶宏,OTC,半導體,IC設計
3131,弘塑,OTC,電子設備,電機設備
3130,一零四,TSE,通訊設備,網路服務
3128,昇銳,OTC,光電/ IO,監控系統
3122,笙泉,OTC,半導體,IC設計
3118,進階,OTC,醫療耗材,醫療耗材
3115,寶島極,OTC,主機板,PCB上-其他
3114,好德,OTC,資訊通路,零組件代理
3105,穩懋,OTC,半導體,特用IC
3095,及成,OTC,電子零組件,機殼
3094,聯傑,TSE,半導體,IC設計
3093,港建,OTC,電子設備,設備通路
3092,鴻碩,OTC,電子零組件,連接器
3090,日電貿,TSE,資訊通路,零組件代理
3089,元炬,OTC,電子零組件,被動元件
3088,艾訊,OTC,主機板,工業電腦
3086,華義,OTC,軟體服務,應用軟體
3085,新零售,OTC,通訊設備,網路服務
3083,網龍,OTC,軟體服務,應用軟體
3081,聯亞,OTC,半導體,特用IC
3078,僑威,OTC,電子零組件,電源供應器
3073,凱柏實業,OTC,建設,建設
3071,協禧,OTC,電子零組件,散熱零組件
3067,全域,OTC,消費性電子,音響設備
3066,李洲,OTC,光電/ IO,封裝及應用
3064,泰偉,OTC,主機板,工業電腦
3062,建漢,TSE,網路設備,網路卡
3060,銘異,TSE,光電/ IO,硬碟磁碟
3059,華晶科,TSE,消費性電子,照相機
3058,立德,TSE,電子零組件,電源供應器
3057,喬鼎,TSE,光電/ IO,硬碟磁碟
3056,總太,TSE,建設,建設
3055,蔚華科,TSE,電子設備,設備通路
3054,立萬利,TSE,光電/ IO,PC週邊
3052,夆典,TSE,建設,建設
3051,力特,TSE,光電/ IO,LCD 原料
3050,鈺德,TSE,光電/ IO,光碟
3049,和鑫,TSE,光電/ IO,觸控面板
3048,益登,TSE,資訊通路,零組件代理
3047,訊舟,TSE,網路設備,網路卡
3046,建碁,TSE,主機板,主機板
3045,台灣大,TSE,通訊設備,電信業
3044,健鼎,TSE,主機板,PCB
3043,科風,TSE,電子零組件,電源供應器
3042,晶技,TSE,電子零組件,石英元件
3041,揚智,TSE,半導體,IC設計
3040,遠見,TSE,其他電子,其他電子
3038,全台,TSE,光電/ IO,LCD-其他
3037,欣興,TSE,主機板,PCB
3036,文曄,TSE,資訊通路,零組件代理
3035,智原,TSE,半導體,IC設計
3034,聯詠,TSE,半導體,IC設計
3033,威健,TSE,資訊通路,零組件代理
3032,偉訓,TSE,電子零組件,機殼
3031,佰鴻,TSE,光電/ IO,封裝及應用
3030,德律,TSE,電子設備,電機設備
3029,零壹,TSE,軟體服務,應用軟體
3028,增你強,TSE,資訊通路,零組件代理
3027,盛達,TSE,網路設備,數據機
3026,禾伸堂,TSE,電子零組件,被動元件
3025,星通,TSE,網路設備,網路卡
3024,憶聲,TSE,家電製品,家電
3023,信邦,TSE,電子零組件,連接器
3022,威強電,TSE,主機板,工業電腦
3021,鴻名,TSE,電子零組件,連接器
3019,亞光,TSE,消費性電子,照相機
3018,同開,TSE,電子設備,廠辦機電
3017,奇鋐,TSE,電子零組件,散熱零組件
3016,嘉晶,TSE,半導體,晶圓材料
3015,全漢,TSE,電子零組件,電源供應器
3014,聯陽,TSE,半導體,IC設計
3013,晟銘電,TSE,電子零組件,機殼
3011,今皓,TSE,電子零組件,連接器
3010,華立,TSE,資訊通路,零組件代理
3008,大立光,TSE,消費性電子,照相機
3006,晶豪科,TSE,半導體,IC設計
3005,神基,TSE,電子零組件,機殼
3004,豐達科,TSE,機車船製造,航空器製造
3003,健和興,TSE,汽車組件,汽車組件
3002,歐格,TSE,電子零組件,電源供應器
2939,凱羿-KY,TSE,貿易業,貿易業
2937,集雅社,OTC,資訊通路,3C通路
2936,客思達-KY,TSE,貿易業,貿易業
2929,淘帝-KY,TSE,百貨批發,百貨購物中
2928,紅馬-KY,OTC,百貨批發,百貨購物中
2926,誠品生活,OTC,百貨批發,百貨購物中
2924,東凌-KY,OTC,百貨批發,百貨購物中
2923,鼎固-KY,TSE,建設,建設
2916,滿心,OTC,百貨批發,百貨購物中
2915,潤泰全,TSE,百貨批發,量販
2913,農林,TSE,貿易業,貿易業
2912,統一超,TSE,百貨批發,便利商店
2911,麗嬰房,TSE,百貨批發,百貨購物中
2910,統領,TSE,百貨批發,百貨購物中
2908,特力,TSE,貿易業,貿易業
2906,高林,TSE,貿易業,貿易業
2905,三商,TSE,百貨批發,百貨購物中
2904,匯僑,TSE,貨運倉儲業,貨運倉儲業
2903,遠百,TSE,百貨批發,百貨購物中
2901,欣欣,TSE,百貨批發,百貨購物中
2897,王道銀行,TSE,本國銀行,本國銀行
2892,第一金,TSE,金融控股,金融控股
2891,中信金,TSE,金融控股,金融控股
2890,永豐金,TSE,金融控股,金融控股
2889,國票金,TSE,金融控股,金融控股
2888,新光金,TSE,金融控股,金融控股
2887,台新金,TSE,金融控股,金融控股
2886,兆豐金,TSE,金融控股,金融控股
2885,元大金,TSE,金融控股,金融控股
2884,玉山金,TSE,金融控股,金融控股
2883,開發金,TSE,金融控股,金融控股
2882,國泰金,TSE,金融控股,金融控股
2881,富邦金,TSE,金融控股,金融控股
2880,華南金,TSE,金融控股,金融控股
2867,三商壽,TSE,壽險業,壽險業
2855,統一證,TSE,證券,證券
2852,第一保,TSE,產險業,產險業
2851,中再保,TSE,產險業,產險業
2850,新產,TSE,產險業,產險業
2849,安泰銀,TSE,本國銀行,本國銀行
2845,遠東銀,TSE,本國銀行,本國銀行
2841,台開,TSE,營造,營造
2838,聯邦銀,TSE,本國銀行,本國銀行
2836,高雄銀,TSE,本國銀行,本國銀行
2834,臺企銀,TSE,本國銀行,本國銀行
2832,台產,TSE,產險業,產險業
2823,中壽,TSE,壽險業,壽險業
2820,華票,TSE,票券公司,票券公司
2816,旺旺保,TSE,產險業,產險業
2812,台中銀,TSE,本國銀行,本國銀行
2809,京城銀,TSE,本國銀行,本國銀行
2801,彰銀,TSE,本國銀行,本國銀行
2748,雲品,TSE,餐飲飯店,飯店業
2745,五福,OTC,旅行社,旅行社
2740,天蔥,OTC,餐飲飯店,餐飲業
2739,寒舍,TSE,餐飲飯店,飯店業
2736,高野,OTC,餐飲飯店,飯店業
2734,易飛網,OTC,旅行社,旅行社
2732,六角,OTC,餐飲飯店,餐飲業
2731,雄獅,TSE,旅行社,旅行社
2729,瓦城,OTC,餐飲飯店,餐飲業
2727,王品,TSE,餐飲飯店,餐飲業
2726,雅茗-KY,OTC,餐飲飯店,餐飲業
2724,富驛-KY,OTC,餐飲飯店,飯店業
2723,美食-KY,TSE,餐飲飯店,餐飲業
2722,夏都,TSE,餐飲飯店,飯店業
2719,燦星旅,OTC,旅行社,旅行社
2718,晶悅,OTC,餐飲飯店,飯店業
2712,遠雄來,TSE,餐飲飯店,飯店業
2707,晶華,TSE,餐飲飯店,飯店業
2706,第一店,TSE,餐飲飯店,飯店業
2705,六福,TSE,餐飲飯店,飯店業
2704,國賓,TSE,餐飲飯店,飯店業
2702,華園,TSE,餐飲飯店,飯店業
2701,萬企,TSE,餐飲飯店,飯店業
2643,捷迅,OTC,貨運倉儲業,貨運倉儲業
2642,宅配通,TSE,貨運倉儲業,貨運倉儲業
2641,正德,OTC,海運,散裝輪
2640,大車隊,OTC,陸運業,汽車陸運
2637,慧洋-KY,TSE,海運,散裝輪
2636,台驊投控,TSE,貨運倉儲業,貨運倉儲業
2634,漢翔,TSE,機車船製造,航空器製造
2633,台灣高鐵,TSE,陸運業,鐵路運輸
2630,亞航,TSE,機車船製造,航空器製造
2618,長榮航,TSE,空運業,空運業
2617,台航,TSE,海運,散裝輪
2616,山隆,TSE,公用事業,加油站
2615,萬海,TSE,海運,貨櫃輪
2614,東森,TSE,海運,散裝輪
2613,中櫃,TSE,貨運倉儲業,貨運倉儲業
2612,中航,TSE,海運,散裝輪
2611,志信,TSE,貨運倉儲業,貨運倉儲業
2610,華航,TSE,空運業,空運業
2609,陽明,TSE,海運,貨櫃輪
2608,嘉里大榮,TSE,貨運倉儲業,貨運倉儲業
2607,榮運,TSE,貨運倉儲業,貨運倉儲業
2606,裕民,TSE,海運,散裝輪
2605,新興,TSE,海運,散裝輪
2603,長榮,TSE,海運,貨櫃輪
2601,益航,TSE,海運,散裝輪
2597,潤弘,TSE,營造,營造
2596,綠意,OTC,建設,建設
2548,華固,TSE,建設,建設
2547,日勝生,TSE,建設,建設
2546,根基,TSE,營造,營造
2545,皇翔,TSE,建設,建設
2543,皇昌,TSE,營造,營造
2542,興富發,TSE,建設,建設
2540,愛山林,TSE,建設,建設
2539,櫻花建,TSE,建設,建設
2538,基泰,TSE,建設,建設
2537,聯上發,TSE,建設,建設
2536,宏普,TSE,建設,建設
2535,達欣工,TSE,營造,營造
2534,宏盛,TSE,建設,建設
2530,華建,TSE,建設,建設
2528,皇普,TSE,建設,建設
2527,宏璟,TSE,建設,建設
2524,京城,TSE,建設,建設
2520,冠德,TSE,建設,建設
2516,新建,TSE,營造,營造
2515,中工,TSE,營造,營造
2514,龍邦,TSE,建設,建設
2511,太子,TSE,建設,建設
2509,全坤建,TSE,建設,建設
2506,太設,TSE,建設,建設
2505,國揚,TSE,建設,建設
2504,國產,TSE,預拌混凝土,預拌混凝土
2501,國建,TSE,建設,建設
2499,東貝,TSE,光電/ IO,封裝及應用
2498,宏達電,TSE,通訊設備,手機
2497,怡利電,TSE,汽車組件,汽車組件
2496,卓越,TSE,其他,其他服務
2495,普安,TSE,光電/ IO,硬碟磁碟
2493,揚博,TSE,電子設備,電機設備
2492,華新科,TSE,電子零組件,被動元件
2491,吉祥全,TSE,光電/ IO,光碟
2489,瑞軒,TSE,光電/ IO,監視器
2488,漢平,TSE,消費性電子,音響設備
2486,一詮,TSE,電子零組件,光電導線架
2485,兆赫,TSE,通訊設備,通訊設備
2484,希華,TSE,電子零組件,石英元件
2483,百容,TSE,電子零組件,沖壓零組件
2482,連宇,TSE,光電/ IO,PC週邊
2481,強茂,TSE,電子零組件,二極體整流
2480,敦陽科,TSE,軟體服務,系統整合
2478,大毅,TSE,電子零組件,被動元件
2477,美隆電,TSE,消費性電子,音響設備
2476,鉅祥,TSE,電子零組件,沖壓零組件
2474,可成,TSE,電子零組件,機殼
2472,立隆電,TSE,電子零組件,被動元件
2471,資通,TSE,軟體服務,系統整合
2468,華經,TSE,軟體服務,系統整合
2467,志聖,TSE,電子設備,電機設備
2466,冠西電,TSE,光電/ IO,封裝及應用
2465,麗臺,TSE,主機板,繪圖卡
2464,盟立,TSE,電子設備,廠辦機電
2462,良得電,TSE,電子零組件,連接器
2461,光群雷,TSE,其他電子,其他電子
2460,建通,TSE,電子零組件,沖壓零組件
2459,敦吉,TSE,資訊通路,零組件代理
2458,義隆,TSE,半導體,IC設計
2457,飛宏,TSE,電子零組件,電源供應器
2456,奇力新,TSE,電子零組件,被動元件
2455,全新,TSE,半導體,特用IC
2454,聯發科,TSE,半導體,IC設計
2453,凌群,TSE,軟體服務,系統整合
2451,創見,TSE,半導體,記憶體模組
2450,神腦,TSE,資訊通路,3C通路
2449,京元電子,TSE,半導體,IC封測
2448,晶電,TSE,光電/ IO,磊晶及晶粒
2444,兆勁,TSE,網路設備,數據機
2443,新利虹,TSE,光電/ IO,監視器
2442,新美齊,TSE,建設,建設
2441,超豐,TSE,半導體,IC封測
2440,太空梭,TSE,電子零組件,連接器
2439,美律,TSE,消費性電子,音響設備
2438,翔耀,TSE,光電/ IO,LCD-其他
2436,偉詮電,TSE,半導體,IC設計
2434,統懋,TSE,電子零組件,二極體整流
2433,互盛電,TSE,資訊通路,3C通路
2431,聯昌,TSE,電子零組件,電源供應器
2430,燦坤,TSE,資訊通路,3C通路
2429,銘旺科,TSE,主機板,PCB
2428,興勤,TSE,電子零組件,被動元件
2427,三商電,TSE,軟體服務,系統整合
2426,鼎元,TSE,光電/ IO,磊晶及晶粒
2425,承啟,TSE,主機板,繪圖卡
2424,隴華,TSE,軟體服務,應用軟體
2423,固緯,TSE,電子設備,電機設備
2421,建準,TSE,電子零組件,散熱零組件
2420,新巨,TSE,電子零組件,電源供應器
2419,仲琦,TSE,網路設備,數據機
2417,圓剛,TSE,主機板,電視卡
2415,錩新,TSE,消費性電子,音響設備
2414,精技,TSE,資訊通路,3C通路
2413,環科,TSE,電子零組件,電源供應器
2412,中華電,TSE,通訊設備,電信業
2409,友達,TSE,光電/ IO,LCD 面板
2408,南亞科,TSE,半導體,記憶體製造
2406,國碩,TSE,光電/ IO,矽晶圓
2405,浩鑫,TSE,PC系統,NB
2404,漢唐,TSE,電子設備,廠辦機電
2402,毅嘉,TSE,主機板,軟板
2401,凌陽,TSE,半導體,IC設計
2399,映泰,TSE,主機板,主機板
2397,友通,TSE,主機板,工業電腦
2395,研華,TSE,主機板,工業電腦
2393,億光,TSE,光電/ IO,封裝及應用
2392,正崴,TSE,電子零組件,連接器
2390,云辰,TSE,光電/ IO,監控系統
2388,威盛,TSE,半導體,IC設計
2387,精元,TSE,光電/ IO,PC週邊
2385,群光,TSE,光電/ IO,PC週邊
2383,台光電,TSE,主機板,銅箔基板
2382,廣達,TSE,PC系統,NB
2380,虹光,TSE,光電/ IO,掃瞄器
2379,瑞昱,TSE,半導體,IC設計
2377,微星,TSE,主機板,主機板
2376,技嘉,TSE,主機板,主機板
2375,智寶,TSE,電子零組件,被動元件
2374,佳能,TSE,消費性電子,照相機
2373,震旦行,TSE,資訊通路,3C通路
2371,大同,TSE,電機製品,電機
2369,菱生,TSE,半導體,IC封測
2368,金像電,TSE,主機板,PCB
2367,燿華,TSE,主機板,PCB
2365,昆盈,TSE,光電/ IO,PC週邊
2364,倫飛,TSE,PC系統,NB
2363,矽統,TSE,半導體,IC設計
2362,藍天,TSE,PC系統,NB
2360,致茂,TSE,電子設備,電機設備
2359,所羅門,TSE,資訊通路,零組件代理
2358,廷鑫,TSE,金屬基本,鋁鋅
2357,華碩,TSE,PC系統,PC品牌
2356,英業達,TSE,PC系統,NB
2355,敬鵬,TSE,主機板,PCB
2354,鴻準,TSE,電子零組件,機殼
2353,宏碁,TSE,PC系統,PC品牌
2352,佳世達,TSE,光電/ IO,監視器
2351,順德,TSE,半導體,IC導線架
2349,錸德,TSE,光電/ IO,光碟
2348,海悅,TSE,建設,建設
2347,聯強,TSE,資訊通路,3C通路
2345,智邦,TSE,網路設備,網路卡
2344,華邦電,TSE,半導體,記憶體製造
2342,茂矽,TSE,半導體,晶圓代工
2340,光磊,TSE,光電/ IO,磊晶及晶粒
2338,光罩,TSE,半導體,IC光罩
2337,旺宏,TSE,半導體,記憶體製造
2332,友訊,TSE,網路設備,網路卡
2331,精英,TSE,主機板,主機板
2330,台積電,TSE,半導體,晶圓代工
2329,華泰,TSE,半導體,IC封測
2328,廣宇,TSE,電子零組件,連接器
2327,國巨,TSE,電子零組件,被動元件
2324,仁寶,TSE,PC系統,NB
2323,中環,TSE,光電/ IO,光碟
2321,東訊,TSE,網路設備,數據機
2317,鴻海,TSE,PC系統,PC
2316,楠梓電,TSE,主機板,PCB
2314,台揚,TSE,通訊設備,通訊設備
2313,華通,TSE,主機板,PCB
2312,金寶,TSE,網路設備,數據機
2308,台達電,TSE,電子零組件,電源供應器
2305,全友,TSE,光電/ IO,掃瞄器
2303,聯電,TSE,半導體,晶圓代工
2302,麗正,TSE,電子零組件,二極體整流
2301,光寶科,TSE,光電/ IO,PC週邊
2243,宏旭-KY,TSE,汽車組件,汽車組件
2239,英利-KY,TSE,汽車組件,汽車組件
2236,百達-KY,TSE,汽車組件,汽車組件
2235,謚源,OTC,汽車組件,汽車組件
2233,宇隆,OTC,汽車組件,汽車組件
2231,為升,TSE,汽車組件,汽車組件
2230,泰茂,OTC,汽車組件,汽車組件
2228,劍麟,TSE,汽車組件,汽車組件
2227,裕日車,TSE,汽車買賣,汽車買賣
2221,大甲,OTC,金屬基本,鋼管
2208,台船,TSE,機車船製造,船舶製造
2207,和泰車,TSE,汽車買賣,汽車買賣
2206,三陽工業,TSE,汽車製造,汽車製造
2204,中華,TSE,汽車製造,汽車製造
2201,裕隆,TSE,汽車製造,汽車製造
2115,六暉-KY,TSE,汽車組件,汽車組件
2114,鑫永銓,TSE,橡膠,工業橡膠
2109,華豐,TSE,輪胎,輪胎
2108,南帝,TSE,橡膠原料,橡膠原料
2107,厚生,TSE,橡膠,其他橡膠
2106,建大,TSE,輪胎,輪胎
2105,正新,TSE,輪胎,輪胎
2104,國際中橡,TSE,橡膠原料,橡膠原料
2103,台橡,TSE,橡膠原料,橡膠原料
2102,泰豐,TSE,輪胎,輪胎
2101,南港,TSE,輪胎,輪胎
2070,精湛,OTC,儀器設備,儀器設備
2069,運錩,TSE,金屬基本,不銹鋼
2067,嘉鋼,OTC,機械業,模具零件
2066,世德,OTC,汽車組件,汽車組件
2065,世豐,OTC,金屬基本,線材
2064,晉椿,OTC,金屬基本,線材
2063,世鎧,OTC,金屬基本,線材
2062,橋椿,TSE,五金及家具,五金及家具
2061,風青,OTC,金屬基本,銅
2059,川湖,TSE,金屬製品,金屬製品
2049,上銀,TSE,機械業,模具零件
2038,海光,TSE,金屬基本,鋼筋
2035,唐榮,OTC,金屬基本,不銹鋼
2034,允強,TSE,金屬基本,鋼管
2033,佳大,TSE,金屬基本,線材
2032,新鋼,TSE,金屬基本,不銹鋼
2031,新光鋼,TSE,金屬基本,鋼板
2030,彰源,TSE,金屬基本,鋼管
2029,盛餘,TSE,金屬基本,鋼板
2028,威致,TSE,金屬基本,鋼筋
2027,大成鋼,TSE,金屬基本,不銹鋼
2025,千興,TSE,金屬基本,不銹鋼
2024,志聯,TSE,金屬基本,線材
2023,燁輝,TSE,金屬基本,鋼板
2022,聚亨,TSE,金屬基本,線材
2020,美亞,TSE,金屬基本,鋼管
2017,官田鋼,TSE,金屬基本,線材
2015,豐興,TSE,金屬基本,鋼筋
2014,中鴻,TSE,金屬基本,鋼板
2013,中鋼構,TSE,金屬基本,鋼筋
2012,春雨,TSE,金屬基本,線材
2010,春源,TSE,金屬基本,鋼板
2009,第一銅,TSE,金屬基本,銅
2008,高興昌,TSE,金屬基本,鋼管
2007,燁興,TSE,金屬基本,線材
2006,東和鋼鐵,TSE,金屬基本,鋼筋
2002,中鋼,TSE,金屬基本,鋼板
1909,榮成,TSE,造紙,造紙
1907,永豐餘,TSE,造紙,造紙
1906,寶隆,TSE,造紙,造紙
1905,華紙,TSE,紙漿,紙漿
1904,正隆,TSE,造紙,造紙
1903,士紙,TSE,造紙,造紙
1902,台紙,TSE,紙漿,紙漿
1817,凱撒衛,TSE,玻璃陶瓷,玻璃陶瓷
1815,富喬,OTC,主機板,玻纖紗. 布
1813,寶利徠,OTC,醫療耗材,醫療耗材
1810,和成,TSE,玻璃陶瓷,玻璃陶瓷
1809,中釉,TSE,玻璃陶瓷,玻璃陶瓷
1808,潤隆,TSE,建設,建設
1806,冠軍,TSE,玻璃陶瓷,玻璃陶瓷
1805,寶徠,TSE,建設,建設
1802,台玻,TSE,玻璃陶瓷,玻璃陶瓷
1799,易威,OTC,藥,西藥
1796,金穎生技,OTC,藥,機能性食品
1795,美時,OTC,藥,西藥
1789,神隆,TSE,藥,西藥
1788,杏昌,OTC,醫療耗材,醫療耗材
1787,福盈科,OTC,染料及顏料,染料及顏料
1786,科妍,TSE,醫療耗材,醫療耗材
1785,光洋科,OTC,資源回收,貴金屬回收
1784,訊聯,OTC,生物科技,生物科技
1783,和康生,TSE,醫療耗材,醫療耗材
1781,合世,OTC,醫療耗材,醫療耗材
1777,生泰,OTC,藥,西藥
1776,展宇,TSE,樹脂,樹脂
1773,勝一,TSE,其他化學,其他化學
1762,中化生,TSE,藥,西藥
1760,寶齡富錦,TSE,藥,西藥
1752,南光,OTC,藥,西藥
1742,台蠟,OTC,其他化學,其他化學
1737,臺鹽,TSE,藥,機能性食品
1736,喬山,TSE,醫療耗材,醫療耗材
1735,日勝化,TSE,樹脂,樹脂
1734,杏輝,TSE,藥,西藥
1733,五鼎,TSE,醫療耗材,醫療耗材
1732,毛寶,TSE,清潔劑,清潔用品
1731,美吾華,TSE,藥,西藥
1730,花仙子,TSE,清潔劑,清潔用品
1727,中華化,TSE,其他化學,其他化學
1726,永記,TSE,染料及顏料,染料及顏料
1725,元禎,TSE,其他化學,其他化學
1724,台硝,TSE,其他化學,其他化學
1723,中碳,TSE,其他化學,其他化學
1722,台肥,TSE,藥,農藥肥料
1721,三晃,TSE,樹脂,樹脂
1720,生達,TSE,藥,西藥
1718,中纖,TSE,石化,化纖
1717,長興,TSE,樹脂,樹脂
1714,和桐,TSE,清潔劑,清潔劑原料
1713,國化,TSE,染料及顏料,染料及顏料
1712,興農,TSE,藥,農藥肥料
1711,永光,TSE,染料及顏料,染料及顏料
1710,東聯,TSE,石化,化纖
1709,和益,TSE,清潔劑,清潔劑原料
1708,東鹼,TSE,其他化學,其他化學
1707,葡萄王,TSE,藥,機能性食品
1702,南僑,TSE,油脂飼料,油脂飼料
1701,中化,TSE,藥,西藥
1626,艾美特-KY,TSE,家電製品,家電
1618,合機,TSE,電線,電線
1617,榮星,TSE,電線,電線
1616,億泰,TSE,電線,電線
1615,大山,TSE,電線,電線
1614,三洋電,TSE,家電製品,家電
1612,宏泰,TSE,電線,電線
1611,中電,TSE,家電製品,照明
1609,大亞,TSE,電線,電線
1608,華榮,TSE,電線,電線
1605,華新,TSE,電線,電線
1604,聲寶,TSE,家電製品,家電
1603,華電,TSE,電線,電線
1599,宏佳騰,OTC,汽車製造,汽車製造
1598,岱宇,TSE,醫療耗材,醫療耗材
1597,直得,OTC,機械業,模具零件
1595,川寶,OTC,電子設備,電機設備
1593,祺驊,OTC,機械業,模具零件
1592,英瑞-KY,TSE,汽車組件,汽車組件
1591,駿吉-KY,OTC,機械業,工具機
1590,亞德客-KY,TSE,機械業,模具零件
1589,永冠-KY,TSE,機械業,模具零件
1587,吉茂,TSE,汽車組件,汽車組件
1586,和勤,OTC,光電/ IO,硬碟磁碟
1584,精剛,OTC,金屬基本,不銹鋼
1583,程泰,TSE,機械業,工具機
1582,信錦,TSE,電子零組件,機殼
1580,新麥,OTC,其他電製品,其他電製品
1570,力肯,OTC,機械業,工具機
1569,濱川,OTC,電子零組件,沖壓零組件
1568,倉佑,TSE,汽車組件,汽車組件
1566,捷邦,OTC,汽車組件,汽車組件
1565,精華,OTC,醫療耗材,醫療耗材
1560,中砂,TSE,機械業,模具零件
1558,伸興,TSE,機械業,紡織工具機
1541,錩泰,TSE,機械業,工具機
1540,喬福,TSE,機械業,工具機
1539,巨庭,TSE,機械業,工具機
1538,正峰新,TSE,機械業,工具機
1537,廣隆,TSE,電子零組件,3C二次電池
1536,和大,TSE,汽車組件,汽車組件
1535,中宇,TSE,電機製品,機電工程
1533,車王電,TSE,汽車組件,汽車組件
1532,勤美,TSE,機械業,模具零件
1531,高林股,TSE,機械業,紡織工具機
1530,亞崴,TSE,機械業,工具機
1529,樂士,TSE,電機製品,電機
1528,恩德,TSE,機械業,工具機
1527,鑽全,TSE,機械業,工具機
1526,日馳,TSE,自行車組件,自行車組件
1525,江申,TSE,汽車組件,汽車組件
1524,耿鼎,TSE,汽車組件,汽車組件
1522,堤維西,TSE,汽車組件,汽車組件
1521,大億,TSE,汽車組件,汽車組件
1519,華城,TSE,電機製品,電機
1517,利奇,TSE,自行車組件,自行車組件
1516,川飛,TSE,其他,其他製造業
1515,力山,TSE,機械業,工具機
1514,亞力,TSE,電機製品,電機
1513,中興電,TSE,電機製品,電機
1512,瑞利,TSE,汽車組件,汽車組件
1507,永大,TSE,電機製品,電機
1506,正道,TSE,汽車組件,汽車組件
1504,東元,TSE,電機製品,電機
1503,士電,TSE,電機製品,電機
1477,聚陽,TSE,成衣,成衣製造
1476,儒鴻,TSE,成衣,成衣製造
1475,本盟,TSE,成衣,織布
1474,弘裕,TSE,成衣,織布
1473,台南,TSE,成衣,成衣製造
1472,三洋紡,TSE,人纖,尼龍絲
1471,首利,TSE,電子零組件,電源供應器
1470,大統新創,TSE,染整,染整
1468,昶和,TSE,成衣,織布
1467,南緯,TSE,成衣,成衣製造
1466,聚隆,TSE,人纖,尼龍絲
1465,偉全,TSE,成衣,織布
1464,得力,TSE,成衣,織布
1463,強盛,TSE,染整,染整
1460,宏遠,TSE,成衣,織布
1459,聯發,TSE,人纖,加工絲
1457,宜進,TSE,人纖,加工絲
1456,怡華,TSE,成衣,織布
1455,集盛,TSE,人纖,尼龍絲
1454,台富,TSE,成衣,織布
1453,大將,TSE,建設,建設
1452,宏益,TSE,人纖,加工絲
1451,年興,TSE,成衣,成衣製造
1449,佳和,TSE,成衣,織布
1447,力鵬,TSE,人纖,尼龍絲
1446,宏和,TSE,成衣,織布
1445,大宇,TSE,成衣,織布
1444,力麗,TSE,人纖,加工絲
1443,立益,TSE,棉紡,聚酯紗棉紗
1442,名軒,TSE,建設,建設
1441,大東,TSE,棉紡,聚酯紗棉紗
1440,南紡,TSE,人纖,聚酯絲棉
1439,中和,TSE,毛紡,毛紡
1438,裕豐,TSE,建設,建設
1437,勤益控,TSE,物業管理,物業管理
1436,華友聯,TSE,建設,建設
1435,中福,TSE,網路設備,數據機
1434,福懋,TSE,成衣,織布
1432,大魯閣,TSE,百貨批發,百貨購物中
1423,利華,TSE,毛紡,毛紡
1419,新紡,TSE,成衣,織布
1418,東華,TSE,棉紡,亞克力纖維
1417,嘉裕,TSE,成衣,成衣製造
1416,廣豐,TSE,棉紡,聚酯紗棉紗
1414,東和,TSE,棉紡,聚酯紗棉紗
1413,宏洲,TSE,人纖,加工絲
1410,南染,TSE,染整,染整
1409,新纖,TSE,人纖,聚酯絲棉
1402,遠東新,TSE,人纖,聚酯絲棉
1341,富林-KY,TSE,石化,合成皮
1340,勝悅-KY,TSE,塑膠製品,塑膠製品
1339,昭輝,TSE,汽車組件,汽車組件
1338,廣華-KY,TSE,汽車組件,汽車組件
1337,再生-KY,TSE,塑膠製品,塑膠製品
1336,台翰,OTC,電子零組件,機殼
1333,恩得利,OTC,電子零組件,連接器
1326,台化,TSE,石化,泛用塑膠
1325,恒大,TSE,不織布,不織布
1324,地球,TSE,石化,膠帶
1323,永裕,TSE,石化,塑膠加工
1321,大洋,TSE,石化,塑膠加工
1319,東陽,TSE,汽車組件,汽車組件
1316,上曜,TSE,建設,建設
1315,達新,TSE,石化,塑膠加工
1314,中石化,TSE,石化,化纖
1313,聯成,TSE,石化,可塑劑
1312,國喬,TSE,石化,泛用塑膠
1310,台苯,TSE,石化,泛用塑膠
1309,台達化,TSE,石化,泛用塑膠
1308,亞聚,TSE,石化,泛用塑膠
1307,三芳,TSE,石化,合成皮
1305,華夏,TSE,石化,泛用塑膠
1304,台聚,TSE,石化,泛用塑膠
1303,南亞,TSE,石化,泛用塑膠
1301,台塑,TSE,石化,泛用塑膠
1268,漢來美食,OTC,餐飲飯店,餐飲業
1264,德麥,OTC,其他食品,其他食品
1262,綠悅-KY,TSE,石化,膠帶
1259,安心,OTC,餐飲飯店,餐飲業
1258,其祥-KY,OTC,其他食品,其他食品
1256,鮮活果汁-KY,TSE,飲料乳品,飲料乳品
1240,茂生農經,OTC,油脂飼料,油脂飼料
1236,宏亞,TSE,其他食品,其他食品
1235,興泰,TSE,油脂飼料,油脂飼料
1234,黑松,TSE,飲料乳品,飲料乳品
1233,天仁,TSE,其他食品,其他食品
1232,大統益,TSE,油脂飼料,油脂飼料
1231,聯華食,TSE,其他食品,其他食品
1229,聯華,TSE,油脂飼料,油脂飼料
1227,佳格,TSE,其他食品,其他食品
1225,福懋油,TSE,油脂飼料,油脂飼料
1220,台榮,TSE,油脂飼料,油脂飼料
1219,福壽,TSE,油脂飼料,油脂飼料
1218,泰山,TSE,油脂飼料,油脂飼料
1217,愛之味,TSE,罐頭加工,罐頭加工
1216,統一,TSE,飲料乳品,飲料乳品
1215,卜蜂,TSE,油脂飼料,油脂飼料
1213,大飲,TSE,飲料乳品,飲料乳品
1210,大成,TSE,油脂飼料,油脂飼料
1203,味王,TSE,其他食品,其他食品
1201,味全,TSE,飲料乳品,飲料乳品
1110,東泥,TSE,水泥製造,水泥製造
1109,信大,TSE,水泥製造,水泥製造
1108,幸福,TSE,水泥製造,水泥製造
1104,環泥,TSE,水泥製造,水泥製造
1103,嘉泥,TSE,水泥製造,水泥製造
1102,亞泥,TSE,水泥製造,水泥製造
1101,台泥,TSE,水泥製造,水泥製造
